{
  "azimuth_deg": 279.0276129507151,
  "elevation_deg": 0.0,
  "distance_m": 17.639312744140625
}