{
  "azimuth_deg": 273.01278750418334,
  "elevation_deg": 0.0,
  "distance_m": 15.842374801635742
}