{
  "azimuth_deg": 348.69006752597977,
  "elevation_deg": 0.0,
  "distance_m": 4.079858779907227
}