{
  "azimuth_deg": 36.86989764584399,
  "elevation_deg": 0.0,
  "distance_m": 5.86787223815918
}