{
  "azimuth_deg": 254.7448812969422,
  "elevation_deg": 0.0,
  "distance_m": 0.10307764064044153
}