{
  "azimuth_deg": 11.437256218907578,
  "elevation_deg": 0.0,
  "distance_m": 0.3408176985331798
}