{
  "azimuth_deg": 231.63251461513846,
  "elevation_deg": 0.0,
  "distance_m": 0.10307764064044153
}