{
  "azimuth_deg": 309.28940686250036,
  "elevation_deg": 0.0,
  "distance_m": 0.10633197352952234
}