{
  "azimuth_deg": 304.96687944566884,
  "elevation_deg": 0.0,
  "distance_m": 0.10723742038481873
}