{
  "azimuth_deg": 316.2730300200567,
  "elevation_deg": 0.0,
  "distance_m": 0.10307764064044153
}