{
  "azimuth_deg": 302.6609127216738,
  "elevation_deg": 0.0,
  "distance_m": 0.246243130908325
}