{
  "azimuth_deg": 303.69006752597977,
  "elevation_deg": 0.0,
  "distance_m": 0.01179626717082003
}