{
  "azimuth_deg": 25.594029245998797,
  "elevation_deg": 0.0,
  "distance_m": 0.245277009199242
}