{
  "azimuth_deg": 186.70983680775691,
  "elevation_deg": 0.0,
  "distance_m": 4.64626932144165
}